CompanyName,Ldcp,Open,High,Low,Current,Change,Volume
SCRIP,LDCP,OPEN,HIGH,LOW,CURRENT,CHANGE,VOLUME
AL-Ghazi Tractors,427.44,450.0,470.18,445.0,470.18,42.74,"47,637"
Atlas Honda Ltd,"1,145.83",1147.0,1169.9,1147.0,1154.0,6.86,"5,100"
Dewan Motors,36.34,36.02,36.5,35.11,35.5,-0.8,"1,135,054"
Ghandhara Automobile,472.47,470.51,474.0,447.0,455.0,-18.35,"1,102,556"
Ghandhara Ind.,686.26,689.98,689.98,665.0,668.0,-20.21,"308,354"
Hinopak Motor,385.74,385.74,419.0,375.0,388.0,13.6,"33,944"
Honda Atlas Cars,298.97,300.0,300.0,291.31,292.01,-6.64,"548,428"
Indus Motor Co.XD,"1,926.14",1948.49,1948.49,1910.0,1923.0,-4.76,"3,822"
Millat Tractors,580.79,583.0,599.98,578.0,586.0,6.83,"238,465"
Sazgar Engineering,"1,299.82",1290.02,1324.99,1290.0,1297.0,0.33,"322,858"
SCRIP,LDCP,OPEN,HIGH,LOW,CURRENT,CHANGE,VOLUME
Agriautos Ind.,110.69,112.0,112.5,107.01,108.1,-2.32,"29,300"
Atlas Battery,277.67,278.51,281.99,270.0,274.55,-2.66,"15,855"
Bal.Wheels,133.02,136.0,136.0,133.4,134.0,1.42,"3,313"
Bela Automotive,138.21,150.0,150.0,128.0,135.84,-6.47,"7,168"
Dewan Auto Engg,28.85,29.94,29.97,27.75,28.0,-0.68,"5,729"
Exide (PAK),826.25,828.0,828.0,811.0,818.8,-8.92,"3,796"
Ghandhara Tyre,37.81,38.1,38.5,37.6,38.03,0.22,"174,627"
Loads Limited,14.52,14.56,14.85,14.11,14.2,-0.34,"1,759,342"
Panther Tyres Ltd.,38.50,39.0,39.45,38.25,38.9,0.26,"13,105"
Thal Limited,371.91,372.0,379.75,369.01,371.01,6.51,"8,934"
Treet Battery Ltd.,11.47,11.6,11.84,11.55,11.61,0.14,"917,573"
SCRIP,LDCP,OPEN,HIGH,LOW,CURRENT,CHANGE,VOLUME
EMCO Industries,41.75,37.58,42.0,37.58,40.01,-0.28,"1,263"
Fast Cables Ltd.,24.16,24.74,24.74,23.56,23.83,-0.44,"4,661,771"
Pak Elektron,45.34,45.34,45.7,44.1,44.75,-0.67,"3,306,103"
Pakistan Cables-,150.99,154.99,154.99,150.0,151.95,0.49,"28,085"
Siemens Pak.,"1,501.38",1508.99,1516.0,1508.99,1516.0,14.62,"1,661"
Waves Corp Ltd.,7.54,7.6,7.62,7.42,7.48,-0.07,"2,396,218"
Waves Home App,9.14,9.18,9.28,8.95,9.2,-0.09,"3,596,460"
SCRIP,LDCP,OPEN,HIGH,LOW,CURRENT,CHANGE,VOLUME
Attock Cement,321.85,324.44,333.0,315.0,320.5,-0.99,"629,451"
Bestway Cement,403.84,403.84,408.0,402.0,404.0,-0.54,"9,649"
Cherat Cement,267.16,270.0,270.96,263.0,264.5,-3.46,"182,313"
D.G.K.Cement,147.33,147.33,147.89,144.26,145.5,-2.35,"3,855,199"
Dadabhoy Cement,4.84,4.96,4.99,4.5,4.65,-0.19,"74,353"
Dandot Cement,13.63,14.4,14.4,13.75,14.35,0.59,"24,901"
Dewan Cement,10.37,10.55,10.59,10.26,10.5,0.03,"1,506,724"
Fauji Cement,47.94,48.0,48.33,46.7,47.0,-0.83,"4,058,330"
Fecto Cement,72.31,72.99,73.99,72.07,73.45,0.65,"56,297"
Flying Cement,50.67,49.85,51.25,46.7,47.12,-3.49,"1,689,318"
Gharibwal Cement,41.07,41.15,43.0,40.66,42.44,1.35,"749,516"
Kohat Cement,386.32,389.9,389.97,381.1,388.0,-0.54,"40,745"
Lucky Cement,342.37,345.0,347.0,335.1,337.5,-4.22,"1,389,149"
Maple Leaf,74.78,74.67,75.4,73.45,73.7,-0.99,"4,157,357"
Pioneer Cement,217.45,217.98,219.62,213.0,214.5,-3.04,"60,224"
Power Cem(Pref),17.75,19.5,19.5,17.85,17.85,0.1,"3,600"
Power Cement,14.85,14.85,14.9,14.45,14.46,-0.34,"2,780,068"
Safe Mix Con.Ltd,17.30,17.45,17.45,16.65,17.1,-0.27,"8,818"
Thatta Cement,190.63,191.0,192.55,181.3,186.1,-2.48,"672,971"
SCRIP,LDCP,OPEN,HIGH,LOW,CURRENT,CHANGE,VOLUME
Archroma Pak,410.00,419.98,420.0,410.99,412.95,1.61,765
Bawany Air Pro(DEF.),44.17,48.59,48.59,47.9,48.59,4.42,"663,472"
Berger Paints,97.39,100.0,101.24,97.03,99.66,2.57,"81,269"
Biafo IndustriesXD,181.27,183.75,191.95,183.0,184.0,2.6,"127,839"
Buxly Paints,112.38,110.1,115.98,110.05,115.5,,110
Data Agro,86.45,86.5,88.99,86.45,88.97,2.42,589
Descon Oxychem,28.97,29.5,31.87,29.5,31.87,2.9,"4,490,122"
Dynea Pakistan,224.32,221.07,225.0,218.0,224.0,-2.58,"6,998"
Engro Poly (Pref),12.00,12.0,12.13,12.0,12.0,,"3,654"
Engro Polymer,33.14,33.55,34.89,33.2,34.6,1.28,"3,538,203"
Ghani Chemical,19.44,19.5,19.63,19.01,19.59,-0.01,"5,793,084"
Ghani Chemworld,9.62,9.62,10.62,9.06,10.62,1.0,"7,904,089"
Ghani Glo Hol,13.72,13.85,14.4,13.66,14.33,0.57,"3,926,612"
Ittehad Chemicals,73.08,73.13,75.0,72.99,73.0,-0.08,"19,959"
Leiner Pak Gelat,105.81,106.99,114.0,106.29,108.0,2.25,"9,533"
Lotte Chemical,20.98,21.29,21.78,20.85,21.5,0.58,"7,257,543"
Lucky Core Ind.,"1,576.16",1572.51,1572.51,1555.01,1565.0,-10.6,"6,226"
Nimir Ind.ChemXD,153.00,153.5,157.0,148.0,153.8,-2.48,"13,939"
Nimir Resins,35.77,36.4,36.4,34.65,34.95,-0.64,"179,208"
Pak Oxygen Ltd.,151.89,155.49,155.85,149.0,150.0,-1.74,"6,930"
Pak.P.V.C.,8.40,7.41,8.85,7.41,8.04,0.24,"10,571"
Sardar Chemical,32.32,32.31,32.31,32.3,32.3,,178
Sitara Chemical,440.00,435.0,443.0,433.01,435.37,,45
Sitara Peroxide,13.73,13.99,15.1,13.99,15.1,1.37,"295,674"
Wah-Noble,228.28,230.0,235.0,228.5,235.0,6.05,"3,311"
SCRIP,LDCP,OPEN,HIGH,LOW,CURRENT,CHANGE,VOLUME
HBL Growth Fund,9.51,9.55,9.56,9.5,9.5,0.01,"31,840"
HBL Invest Fund,3.38,3.29,3.45,3.29,3.41,0.04,"35,365"
Tri-Star Mutual,8.35,8.84,8.84,7.54,7.58,0.29,"1,262"
SCRIP,LDCP,OPEN,HIGH,LOW,CURRENT,CHANGE,VOLUME
Allied Bank Ltd,128.03,128.0,129.6,127.06,129.0,1.07,"39,323"
Askari Bank,45.39,45.55,46.7,45.12,46.1,0.55,"1,452,404"
B.O.Punjab,9.97,10.0,10.05,9.94,9.95,-0.01,"3,882,469"
Bank Al-Falah,74.88,74.88,74.99,73.75,74.85,-0.22,"640,567"
Bank AL-Habib,139.33,139.01,140.4,138.75,139.6,0.64,"290,610"
Bank Makramah,3.45,3.32,3.5,3.32,3.36,-0.05,"1,508,488"
Bank Of Khyber,14.61,14.5,15.0,14.5,14.9,0.29,"10,666"
Bankislami Pak,20.08,20.33,20.34,20.06,20.15,0.06,"399,149"
Faysal Bank,48.53,48.5,49.2,48.0,48.38,-0.31,"1,651,013"
Habib Bank,157.91,158.01,158.99,156.5,158.4,0.6,"1,438,626"
Habib Metropolitan,89.22,87.11,91.95,87.11,88.0,-0.96,"20,264"
JS Bank Ltd,8.20,8.05,8.29,8.05,8.16,-0.04,"63,281"
MCB Bank LtdXD,285.08,285.0,287.0,282.01,283.0,-0.91,"256,616"
Meezan Bank Ltd,286.62,287.99,287.99,283.6,286.0,-0.61,"368,736"
National BankXD,87.98,88.05,88.55,87.15,87.65,-0.45,"2,039,874"
Samba Bank,8.59,8.99,8.99,8.99,8.99,,26
Soneri Bank Ltd,16.30,16.44,16.47,16.22,16.22,-0.05,"178,718"
St.Chart.Bank,60.12,62.0,62.0,59.51,60.5,0.38,"6,085"
United Bank,518.79,518.79,519.89,511.0,513.5,-3.22,"428,531"
SCRIP,LDCP,OPEN,HIGH,LOW,CURRENT,CHANGE,VOLUME
Agha Steel Ind.,8.08,8.24,9.08,8.11,8.65,0.61,"7,863,604"
Aisha Steel Mill,11.07,11.25,11.5,11.07,11.25,0.28,"5,854,154"
Amreli Steels,23.13,23.6,25.44,23.54,25.44,2.31,"3,122,253"
Beco Steel Ltd,9.14,9.44,10.14,9.22,10.14,1.0,"1,702,386"
Bolan Casting,93.21,92.3,97.95,92.3,93.99,0.7,"121,604"
Crescent SteelXD,121.92,122.5,127.0,119.05,119.5,-1.83,"1,178,777"
Dadex Eternit,64.92,66.0,66.49,63.2,66.0,1.3,"16,920"
Dost Steels Ltd.,8.34,8.37,9.34,8.37,9.34,1.0,"2,400,626"
Int. Ind.Ltd.,153.29,153.29,161.0,150.25,157.51,4.86,"617,107"
Inter.Steel Ltd,81.24,81.24,86.9,81.24,84.4,2.77,"1,922,084"
Ittefaq Iron Ind,7.56,7.69,8.13,7.4,7.89,0.38,"2,229,300"
K.S.B.Pumps,166.73,167.27,167.9,164.21,166.75,-0.74,"38,960"
Metro Steel,9.25,9.5,10.25,9.21,10.25,0.95,"172,272"
Mughal Iron,72.18,72.8,77.56,72.8,75.9,4.67,"2,375,529"
Pak Engineering,690.00,738.0,738.0,700.0,738.0,12.08,383
SCRIP,LDCP,OPEN,HIGH,LOW,CURRENT,CHANGE,VOLUME
Alfalah Consumer,15.75,15.7,15.7,15.7,15.7,-0.05,"3,000"
HBL Total Treasury,117.75,117.8,117.9,117.8,117.9,0.15,"1,100"
JS Global Banking,22.36,22.24,22.36,22.08,22.36,-0.25,"8,000"
JS Momentum,11.48,11.41,11.46,11.32,11.38,-0.13,"592,000"
Mahaana Islamic,15.38,15.38,15.42,15.28,15.33,-0.06,"271,000"
Meezan Pakistan,17.63,17.64,17.71,17.53,17.68,0.01,"232,000"
NBP Pakistan G ETF,24.09,23.81,23.81,23.81,23.81,-0.28,"1,000"
NIT Pakistan,27.53,27.3,27.3,27.11,27.11,-0.42,"12,000"
UBLPakistanETF,27.26,27.35,27.35,27.0,27.26,-0.09,"19,000"
SCRIP,LDCP,OPEN,HIGH,LOW,CURRENT,CHANGE,VOLUME
Agritech Limited,56.31,56.99,56.99,54.45,54.46,-1.81,"151,584"
Arif Habib Corp,10.71,10.89,10.89,10.61,10.72,-0.04,"250,303"
Engro Fertert,181.07,181.57,182.5,179.01,181.5,0.51,"676,578"
Fatima Fert,86.53,86.0,87.0,85.51,86.5,-0.03,"183,959"
Fauji FertXD,368.36,370.2,370.2,365.01,366.0,-2.22,"723,490"
SCRIP,LDCP,OPEN,HIGH,LOW,CURRENT,CHANGE,VOLUME
Al-Shaheer Corp,8.01,8.23,8.38,7.98,8.21,0.27,"3,484,722"
At-Tahur Ltd.,49.83,49.5,50.0,45.5,45.9,-3.7,"18,289,768"
Barkat Frisian Agro,28.64,28.78,29.68,28.32,28.67,0.14,"2,781,737"
Big Bird Foods Ltd.,50.57,50.57,51.25,50.11,50.98,0.36,"2,099,940"
Bunnys Limited,33.89,30.52,37.28,30.52,37.28,3.39,"4,579,816"
Clover Pakistan,37.65,37.5,38.1,37.02,37.65,-0.1,"127,160"
Colgate Palm,"1,359.70",1359.0,1359.99,1339.99,1357.9,-7.16,"5,316"
Fauji Foods Ltd,15.17,15.25,16.49,15.15,16.35,1.11,"60,601,551"
Frieslandcampina,104.52,106.5,107.24,102.5,103.01,-1.45,"2,930,565"
Gillette Pak,280.30,281.0,308.33,281.0,303.0,16.63,"39,120"
Matco Foods Ltd,37.10,39.0,40.81,39.0,40.81,3.71,"1,482,595"
MithchellsFruit,196.36,197.98,200.0,195.11,198.99,1.92,"57,394"
Murree Brewery,837.00,837.8,848.85,837.25,845.0,2.41,894
National Foods,249.03,245.04,250.0,245.04,248.0,-1.57,"33,540"
Nestle Pakistan,"7,091.78",7091.78,7124.0,6971.01,7025.0,-23.14,364
Quice Food,7.37,7.4,7.75,7.31,7.36,0.01,"2,062,222"
Rafhan Maize,"9,266.85",9300.0,10193.54,9275.0,10193.54,926.69,948
Shezan Inter.,184.07,184.07,193.0,184.07,190.48,6.41,"8,065"
Shield Corp.,275.90,275.0,275.99,265.0,275.01,-10.8,"1,334"
The Organic Meat,31.67,31.96,31.96,31.0,31.54,-0.24,"612,327"
Treet Corp,19.91,19.95,20.15,19.4,19.47,-0.46,"2,744,080"
Unilever FoodsXD,"22,725.50",23400.0,23400.0,22725.5,22730.25,12.31,80
Unity Foods Ltd,27.12,26.76,27.49,26.73,26.75,-0.27,"249,808"
ZIL Limited,281.47,286.42,286.42,284.47,284.5,3.02,105
SCRIP,LDCP,OPEN,HIGH,LOW,CURRENT,CHANGE,VOLUME
AICL-MAYB,45.50,45.5,45.5,45.0,45.45,-0.05,"6,000"
AGHA-JUN,8.22,8.22,8.22,8.22,8.22,,"4,000"
AGHA-MAY,8.06,8.24,9.06,8.21,8.72,0.71,"600,000"
AGP-MAYB,186.23,180.01,186.0,180.01,180.05,-3.2,"1,500"
AGL-MAY,56.50,56.0,56.0,54.67,54.7,-1.81,"61,500"
AIRLINK-MAY,160.98,161.0,161.5,157.3,159.0,-2.38,"193,500"
ASL-MAY,11.12,11.3,11.52,11.11,11.3,0.28,"1,143,000"
AKBL-MAYB,45.56,45.69,46.75,45.5,46.6,1.02,"531,500"
PREMA-MAY,50.01,50.0,50.0,45.56,46.15,-3.69,"9,939,000"
PREMA-JUN,54.00,48.66,48.66,48.6,48.6,-5.4,"17,000"
ATRL-MAY,608.99,616.0,618.0,599.57,601.1,-5.61,"204,000"
AVN-MAY,51.64,52.0,52.0,50.41,50.76,-0.9,"329,500"
BOP-JUN,10.14,10.1,10.28,10.1,10.28,0.14,"28,000"
BOP-MAYB,10.01,10.09,10.09,9.98,10.0,,"628,500"
BAHL-MAYB,139.98,140.43,140.43,139.5,139.5,-0.48,"2,000"
BML-MAY,3.47,3.42,3.44,3.42,3.44,-0.03,"19,000"
BIPL-MAYB,20.08,20.98,20.98,20.98,20.98,0.9,500
CEPB-MAY,23.88,24.83,24.92,24.83,24.92,1.0,"2,000"
CHCC-MAY,268.40,270.01,270.01,265.0,268.74,0.34,"21,000"
CPHL-MAY,87.75,88.05,89.7,87.0,87.45,-0.19,"1,384,500"
CNERGY-MAY,7.71,7.7,7.83,7.63,7.73,0.01,"1,061,000"
CSAP-MAYB,121.84,121.5,127.0,120.96,120.96,-0.88,"35,000"
DGKC-MAY,147.77,147.75,148.1,145.0,146.0,-2.25,"2,084,500"
DCL-JUN,10.55,0,0,0,0,,"400,000"
DCL-MAY,10.41,10.68,10.68,10.3,10.5,0.05,"371,000"
DFML-MAY,36.46,36.23,36.6,35.16,35.55,-0.82,"948,000"
EFERT-MAYC,181.50,180.0,181.29,180.0,181.0,-0.5,"11,000"
EPCL-MAY,33.41,34.66,35.0,33.71,34.7,1.16,"706,500"
FCCL-MAY,48.13,48.35,48.4,46.91,47.0,-0.98,"2,242,000"
FFC-MAYC,370.52,370.52,370.52,366.4,368.0,-2.68,"14,000"
FFL-MAY,15.28,15.44,16.6,15.35,16.4,1.08,"14,158,500"
FABL-MAYC,48.00,48.7,48.7,47.7,47.7,-0.3,"1,000"
FLYNG-MAY,51.09,51.47,51.5,47.15,48.0,-3.53,"2,538,000"
FCEPL-MAYB,104.59,108.0,108.0,103.1,104.0,-1.29,"221,500"
GAL-MAY,474.75,473.1,473.1,450.0,456.78,-18.49,"419,500"
GHNI-MAY,689.75,680.0,684.89,665.0,666.22,-20.73,"191,500"
GHNI-JUN,697.89,677.41,677.41,630.0,630.0,-67.89,"1,000"
GCIL-MAY,19.50,19.5,19.8,19.1,19.65,0.04,"648,500"
GHGL-MAY,33.00,32.15,32.15,32.15,32.15,-0.85,500
GGL-JUN,13.99,14.13,14.5,14.0,14.5,0.51,"233,500"
GGL-MAY,13.83,13.88,14.5,13.73,14.44,0.55,"1,693,500"
GLAXO-MAYB,383.00,377.0,377.0,377.0,377.0,-6.0,500
GATM-MAY,22.50,22.38,23.0,22.07,22.65,0.41,"1,697,500"
HBL-MAYC,158.06,158.5,159.2,157.15,159.2,1.14,"254,500"
HUBC-MAY,141.47,142.0,142.0,140.51,141.0,-0.52,"417,500"
HUMNL-MAY,12.55,12.54,12.55,12.54,12.55,,"3,000"
IMAGE-MAYB,23.15,23.57,24.65,23.42,23.8,0.79,"298,500"
INIL-MAY,154.08,156.9,161.97,156.9,159.6,5.79,"87,000"
ISL-MAY,81.55,83.0,87.6,82.01,83.5,3.12,"316,500"
ILP-MAY,57.00,59.0,59.6,59.0,59.6,2.6,"17,500"
KEL-MAY,4.41,4.4,4.46,4.4,4.42,-0.01,"333,500"
KOSM-MAY,5.16,5.2,5.22,5.06,5.08,-0.07,"2,987,000"
KOSM-JUN,5.24,0,0,0,0,,"55,000"
LPL-MAY,24.00,23.0,24.0,23.0,23.9,-0.1,"23,500"
LOTCHEM-MAY,20.93,21.1,21.65,20.0,21.31,0.57,"1,433,000"
LUCK-MAYB,343.60,342.0,342.99,337.0,338.0,-3.96,"327,000"
MLCF-MAY,75.11,75.0,75.6,73.65,74.04,-1.09,"2,426,000"
MARI-MAY,644.23,645.0,645.0,620.0,624.0,-19.26,"253,500"
MTL-MAY,583.80,595.0,600.0,586.2,586.2,8.05,"11,500"
MUGHAL-MAY,71.68,73.01,77.3,73.0,75.99,4.72,"366,000"
NBP-MAYB,88.30,88.42,88.48,87.53,88.0,-0.31,"223,500"
NRL-MAY,234.98,236.5,237.79,227.51,228.5,-5.9,"243,500"
NETSOL-MAY,141.04,141.0,141.86,138.82,139.08,-1.8,"463,000"
NML-MAY,109.53,112.01,116.0,111.0,115.0,4.98,"281,500"
OCTOPUS-MAY,54.23,55.99,55.99,53.0,53.79,-0.79,"204,500"
OCTOPUS-JUN,55.02,55.0,55.0,55.0,55.0,-0.02,"3,500"
OGDC-MAYB,212.37,214.39,214.47,210.35,212.2,0.12,"2,469,500"
OGDC-JUNB,215.09,214.8,214.8,214.0,214.0,-1.09,"10,500"
PSO-MAY,381.46,385.51,392.0,384.7,386.5,5.45,"1,592,500"
PSO-JUN,387.67,372.0,372.0,372.0,372.0,-15.67,500
PTC-MAY,22.84,22.77,23.07,22.07,22.1,-0.66,"424,500"
PACE-MAY,5.40,5.01,5.44,5.01,5.35,-0.05,"225,500"
PAEL-MAY,45.55,45.7,45.89,44.35,44.95,-0.69,"1,628,000"
PIBTL-MAY,8.73,8.8,8.9,8.71,8.85,0.13,"489,000"
PPL-MAYB,173.18,174.5,178.8,173.5,176.89,3.41,"4,000,500"
PPL-JUNB,175.31,180.0,180.0,178.4,179.0,3.69,"13,500"
PRL-MAY,33.59,33.5,33.85,32.52,32.6,-0.94,"4,047,000"
PAKRI-MAYB,12.69,12.37,12.95,12.1,12.52,-0.01,"234,000"
PABC-MAY,107.50,112.11,112.11,111.5,111.5,4.0,"6,000"
PIAHCLA-MAY,16.92,16.85,16.85,16.5,16.55,-0.32,"664,000"
PIOC-MAY,218.01,215.01,215.01,215.01,215.01,-3.0,500
POWER-MAY,14.87,14.86,14.91,14.49,14.5,-0.35,"722,000"
SAZEW-MAYB,"1,305.97",1295.0,1325.0,1293.0,1302.0,-3.26,"250,000"
SAZEW-JUNB,"1,321.86",1324.0,1324.0,1324.0,1324.0,2.14,500
SNBL-MAY,16.54,16.3,16.48,16.3,16.47,-0.07,"4,500"
SNGP-MAYB,120.54,121.99,122.6,120.31,120.5,0.33,"939,000"
SSGC-MAY,35.86,36.0,36.45,35.9,36.0,0.14,"5,189,500"
SYM-MAY,15.32,15.45,15.45,15.1,15.13,-0.12,"266,500"
TELE-MAY,7.50,7.56,7.63,7.41,7.55,0.06,"544,000"
THCCL-MAY,189.40,186.9,188.5,186.9,188.5,-2.1,"2,000"
TOMCL-MAY,31.89,31.9,32.4,31.12,32.4,-0.18,"189,000"
SEARL-MAY,86.87,88.72,88.72,86.0,86.9,-0.1,"1,731,000"
TPLP-MAY,8.94,9.0,9.4,8.95,9.16,0.25,"2,188,500"
TREET-MAY,20.05,20.1,20.2,19.52,19.54,-0.46,"1,091,000"
TREET-JUN,20.25,19.9,19.9,19.9,19.9,-0.35,"4,000"
TRG-MAY,63.83,64.09,64.3,62.58,63.09,-0.75,"772,500"
UBL-MAYB,521.50,517.0,520.4,514.0,516.0,-5.5,"21,500"
UBL-JUNB,527.59,513.0,513.0,513.0,513.0,-14.59,"4,000"
UNITY-MAY,27.13,27.01,27.3,26.89,27.11,-0.01,"21,000"
UNITY-JUN,27.58,27.49,27.49,27.49,27.49,-0.09,"5,000"
WAVES-MAY,7.56,7.54,7.65,7.48,7.48,-0.05,"270,500"
WAVESAPP-MAY,9.16,9.27,9.35,9.0,9.19,0.06,"220,500"
WTL-MAY,1.25,1.26,1.27,1.25,1.27,0.02,"1,010,000"
YOUW-MAY,4.43,3.8,4.49,3.65,3.68,-0.75,"32,000"
SCRIP,LDCP,OPEN,HIGH,LOW,CURRENT,CHANGE,VOLUME
Bal.Glass,8.95,9.45,9.95,9.4,9.95,1.0,"1,343,558"
Frontier Ceram,35.00,38.5,38.5,31.6,33.6,-1.27,"65,947"
Ghani Glass Ltd,32.83,32.75,32.9,31.55,32.1,-0.64,"172,277"
Ghani Value GlassXD,47.26,48.14,48.14,46.8,47.99,0.74,"12,404"
GhaniGlobalGlass,8.34,8.4,8.7,8.4,8.7,0.32,"2,453,411"
Karam Ceramics,49.90,47.9,48.0,45.0,48.0,,48
Shabbir Tiles,12.47,12.5,12.69,12.3,12.64,0.13,"20,155"
Tariq Glass Ind.XD,207.81,208.0,209.75,202.0,207.0,-1.04,"26,960"
SCRIP,LDCP,OPEN,HIGH,LOW,CURRENT,CHANGE,VOLUME
Adamjee Ins.,45.32,45.2,46.2,45.2,45.5,0.18,"93,592"
Adamjee Life Ass.,25.15,24.11,25.97,24.11,25.0,-0.15,"3,373"
Ask.Gen.Insur.,30.25,32.0,32.0,30.39,31.29,,360
Askari Life Ass,4.70,4.96,4.96,4.7,4.9,,120
Atlas Ins. Ltd,57.59,59.0,59.0,57.01,58.49,0.91,"1,062"
Century Ins.,39.00,37.68,39.5,37.5,39.1,0.1,"3,628"
Cres.Star Ins.,3.02,3.15,3.36,3.0,3.16,0.13,"20,056,727"
East West Insurance,57.29,51.6,53.0,51.6,53.0,,4
EFU General,120.09,123.95,123.95,117.1,122.0,1.11,"7,518"
EFU Life Assurance,140.99,140.02,143.49,140.02,143.47,-0.95,766
Habib Ins.,7.84,7.81,7.81,7.7,7.7,-0.13,"159,784"
IGI Holdings,164.30,161.15,166.75,161.15,164.01,0.46,233
IGI Life Ins,17.99,18.59,18.99,16.2,17.3,-0.96,"2,270"
Jubile Life Ins,132.40,138.0,138.0,120.55,131.5,-0.9,"5,356"
Jubilee Gen.Ins,50.75,50.15,51.69,50.15,50.7,-0.03,"131,836"
Pak Reinsurance,12.53,12.26,12.69,12.02,12.45,-0.07,"674,978"
PICIC Ins.Ltd.,3.13,3.19,3.39,3.0,3.23,0.1,"810,682"
Premier Ins.,5.85,5.58,5.59,5.52,5.58,-0.27,"1,025"
Reliance Ins.XB,11.00,10.75,10.75,10.31,10.36,-0.64,"3,004"
Shaheen Ins.XB,5.23,5.15,5.2,5.15,5.16,-0.07,"12,830"
TPL Insurance,8.40,8.7,8.7,8.5,8.6,0.1,"2,000"
TPL Life Insurance,48.72,48.0,52.9,48.0,52.9,2.34,748
United InsuranceXB,17.32,17.48,17.48,17.11,17.3,-0.18,"27,928"
Universal Ins.,9.18,9.0,9.0,8.8,8.8,,95
SCRIP,LDCP,OPEN,HIGH,LOW,CURRENT,CHANGE,VOLUME
786 Invest Ltd,7.66,8.49,8.49,7.74,7.74,,110
AKD Securites,19.85,19.98,19.98,19.01,19.7,-0.02,"109,413"
Apna Microfin.,9.33,9.33,9.33,8.33,8.79,-0.54,"12,348"
Arif Habib Limited.,76.15,77.85,77.85,73.5,73.5,-1.48,"62,480"
Calcorp Limited,45.01,46.0,48.98,46.0,48.98,0.99,"1,101"
Cyan LimitedXD,29.03,29.83,29.85,28.86,29.67,0.62,"17,951"
Dawood Equities,9.04,9.01,9.14,8.7,9.0,-0.04,"67,928"
Dawood Law,227.90,245.0,245.0,227.59,237.98,10.09,707
DH Partners Ltd.XD,35.32,35.2,38.85,34.99,37.5,2.81,"820,578"
Engro Holdings,176.58,177.7,185.4,177.25,183.53,6.95,"6,628,763"
Escorts Bank,6.45,6.18,6.18,6.18,6.18,,100
F. Nat.Equities,3.04,3.04,3.2,3.03,3.06,0.01,"215,987"
F.Credit & Inv,7.60,7.98,7.98,7.98,7.98,,"1,010"
First Cap.Equit,3.98,3.84,3.84,3.84,3.84,,200
First Dawood Prop,2.13,2.25,2.25,2.11,2.21,0.08,"43,785"
Imperial Limite,15.86,17.3,17.37,15.21,16.99,0.61,"3,218"
Intermarket Sec.XD,56.11,55.51,55.99,50.5,51.31,-4.73,"91,218"
Invest Bank,1.40,1.43,1.45,1.34,1.36,-0.03,"503,983"
Ist.Capital Sec,1.40,1.38,1.44,1.38,1.42,,"282,863"
Jah.Sidd. Co.,16.63,16.9,17.08,16.7,16.89,0.21,"185,907"
JS Global Cap.,101.75,102.0,105.0,102.0,104.9,3.22,"4,116"
JS Investments,22.10,21.6,22.49,21.6,21.6,-0.2,"1,705"
LSE Capital Ltd.,5.00,5.19,5.5,5.11,5.31,0.31,"183,487"
LSE Fin. Services,26.61,26.99,29.27,26.99,29.27,2.59,"11,450"
LSE Ventures Ltd,9.52,9.03,10.52,9.03,10.52,1.0,"620,856"
MCB Inv MGT,93.76,91.0,103.14,91.0,103.14,9.38,"7,727"
Next Capital,8.00,7.9,7.9,7.32,7.88,-0.23,"1,311"
OLP FinancialXD,37.75,38.28,38.28,38.0,38.0,0.25,"22,715"
Pak Stock Exchange,26.80,26.81,27.4,26.67,26.98,0.19,"1,204,781"
Pervez Ahmed Co,1.08,1.1,1.1,1.06,1.08,-0.01,"128,522"
PIA Holding Company,16.79,16.79,16.79,16.42,16.5,-0.28,"2,609,747"
PIA Holding CompanyB,"12,457.67",13703.44,13703.44,13703.44,13703.44,1245.77,4
Sec. Inv. Bank,9.00,8.51,9.25,8.07,8.07,-0.74,"3,145"
SCRIP,LDCP,OPEN,HIGH,LOW,CURRENT,CHANGE,VOLUME
Crescent Jute,3.22,3.27,3.27,3.1,3.1,-0.11,"141,430"
SCRIP,LDCP,OPEN,HIGH,LOW,CURRENT,CHANGE,VOLUME
Pak Gulf Leasing,20.12,22.0,22.0,20.0,21.25,0.92,776
SCRIP,LDCP,OPEN,HIGH,LOW,CURRENT,CHANGE,VOLUME
Bata (Pak) Ltd.,"1,550.00",1535.0,1550.0,1470.0,1539.99,-14.32,"2,323"
Leather Up Ltd.,28.30,27.02,30.69,27.01,29.99,0.27,"4,052"
Pak Leather,29.56,28.96,28.96,28.96,28.96,,219
Service Global,78.08,79.0,80.94,77.0,77.0,-0.65,"3,715"
Service Ind.Ltd,"1,089.29",1112.0,1112.0,1065.0,1100.0,10.71,"4,426"
SCRIP,LDCP,OPEN,HIGH,LOW,CURRENT,CHANGE,VOLUME
AKD Hospitality,132.26,136.98,145.49,136.0,145.49,13.23,"10,565"
AL-Khair Gadoon,44.50,48.9,48.9,48.9,48.9,,1
Arpak Int.,61.60,62.0,62.0,62.0,62.0,,10
Diamond Ind.,24.95,22.66,26.96,22.5,23.01,-1.79,"6,762"
ECOPACK Ltd,36.34,37.0,37.0,36.0,36.14,-0.17,"13,980"
Gammon Pak,25.82,26.0,26.0,24.05,24.9,-1.05,"137,867"
GOC (Pak) Ltd.,61.00,61.0,62.0,61.0,62.0,1.0,"1,973"
Mandviwala,18.04,18.0,18.5,17.5,18.0,-0.04,"35,137"
Olympia Mills,51.57,47.11,52.0,47.0,47.0,-4.55,"11,293"
Pak Services,936.01,930.02,949.0,930.01,932.0,-4.01,509
Pakistan Alumin,107.56,109.79,113.0,108.01,112.5,5.08,"130,348"
Shifa Int.Hospital,458.85,470.0,470.0,450.05,455.3,-3.1,"18,076"
Siddiqsons Tin,5.48,5.54,5.87,5.3,5.58,0.12,"1,985,244"
Tri-Pack Films,124.18,128.0,130.0,122.0,127.5,3.32,"13,077"
UDL Int.Ltd.,8.08,8.0,8.0,8.0,8.0,,22
United Brands,26.08,26.01,27.33,25.2,27.0,0.65,"49,272"
United Distributor,61.50,60.45,62.44,60.45,61.3,0.3,"1,542"
SCRIP,LDCP,OPEN,HIGH,LOW,CURRENT,CHANGE,VOLUME
1st.Fid.Leasing,2.00,1.9,2.19,1.87,1.99,-0.01,"31,273"
AL-Noor Mod,2.91,3.09,3.09,3.09,3.09,0.18,500
B.F.Modaraba,7.86,8.08,8.2,7.86,7.9,0.32,"40,606"
Elite Cap.Mod,18.87,19.87,19.87,17.55,17.55,0.85,"1,616"
Equity Modaraba,3.45,3.49,3.49,2.9,3.1,-0.34,"41,277"
F.Treet Manuf,4.00,4.18,4.39,4.0,4.1,0.38,"12,882"
Habib Modaraba,21.51,21.84,21.9,21.51,21.9,0.04,"25,612"
I.B.L.Modarab,3.25,3.25,3.25,3.2,3.2,-0.05,"5,317"
OLP Modaraba,16.11,16.55,16.55,16.27,16.4,,207
Orient Rental,9.05,9.75,9.75,9.3,9.3,0.62,601
Paramount Mod,7.12,7.92,8.0,7.4,7.99,0.86,"14,358"
Popular Islamic,12.51,13.76,13.76,13.76,13.76,1.25,526
Prud Mod.1st,1.96,2.05,2.05,1.92,1.99,0.03,"21,964"
Punjab Mod,2.88,2.98,2.98,2.6,2.81,0.08,"18,502"
Sindh Modaraba,11.05,11.24,11.24,10.8,10.85,-0.2,"3,008"
Tri-Star 1st Mod.,13.51,13.3,13.3,12.51,13.25,-0.03,162
Trust Modaraba,5.20,5.33,5.49,5.14,5.35,0.11,"314,177"
Unicap Modaraba,2.90,2.76,2.99,2.76,2.79,-0.1,"31,625"
SCRIP,LDCP,OPEN,HIGH,LOW,CURRENT,CHANGE,VOLUME
Mari Energies Ltd.,641.08,649.97,649.97,617.55,621.99,-17.97,"1,567,108"
Oil & Gas DevXD,211.50,213.0,213.51,209.4,211.5,0.2,"4,668,009"
Pak Oilfields,537.29,540.0,542.5,533.6,536.25,1.33,"83,353"
Pak PetroleumXD,172.39,174.4,177.99,172.6,175.8,3.36,"8,304,279"
SCRIP,LDCP,OPEN,HIGH,LOW,CURRENT,CHANGE,VOLUME
Attock Petroleum,455.18,451.0,459.7,451.0,455.0,-1.54,"7,647"
Burshane LPG,29.09,29.97,31.7,28.75,31.4,2.33,"147,504"
Hascol Petrol,9.99,10.1,10.13,9.83,9.92,-0.11,"1,900,251"
HI-Tech Lub.,41.33,41.33,41.9,40.83,40.89,-0.43,"140,528"
Oilboy Energy,9.06,9.0,9.37,8.91,9.09,0.03,"53,714"
P.S.O.,379.95,388.0,391.0,383.3,384.74,5.37,"3,779,048"
Sui North GasXD,119.90,121.0,122.3,119.8,120.17,0.32,"2,853,598"
Sui South Gas,35.69,36.03,36.34,35.75,35.85,0.14,"6,752,470"
Wafi Energy Pak,167.20,168.05,170.0,166.0,167.7,-0.88,"76,826"
SCRIP,LDCP,OPEN,HIGH,LOW,CURRENT,CHANGE,VOLUME
Century Paper,24.06,24.19,25.1,24.19,25.0,0.9,"797,627"
Cherat Packaging,101.76,104.5,104.5,102.0,103.0,1.24,"40,116"
Int. Packaging Films,21.00,21.0,21.0,20.98,21.0,,"13,954"
MACPAC Films,15.18,15.3,15.4,15.1,15.29,0.12,"29,013"
Merit Packaging,9.33,9.35,9.65,9.1,9.6,0.1,"51,763"
Packages Ltd.,523.26,515.01,525.0,515.01,519.95,-3.31,"5,480"
Pak Paper Prod,142.02,140.0,144.0,138.0,139.0,-3.02,"2,439"
Roshan Packages,14.52,14.75,15.97,14.49,15.97,1.29,"1,732,142"
Security Paper,153.47,154.73,155.0,153.75,155.0,1.52,"10,074"
SPEL LimitedXD,39.78,40.2,40.4,39.55,40.1,0.12,"452,192"
SCRIP,LDCP,OPEN,HIGH,LOW,CURRENT,CHANGE,VOLUME
Abbott Lab.,979.75,979.75,980.0,965.0,965.27,-11.89,"15,465"
AGP Limited,185.29,188.0,188.0,183.0,188.0,1.45,"277,052"
BF Biosciences,168.03,173.0,176.0,166.3,171.55,4.39,"4,437,348"
Citi Pharma Ltd,87.45,88.6,89.48,86.55,87.0,-0.25,"2,667,592"
Ferozsons (Lab),279.28,285.5,307.21,285.0,303.0,24.53,"706,173"
GlaxoSmithKline,379.09,381.0,382.0,373.0,378.0,-2.43,"239,013"
Haleon Pakistan,734.27,736.0,739.0,720.0,727.0,-7.25,"74,578"
Highnoon (Lab),921.16,921.16,929.9,901.0,917.99,-5.55,"12,670"
Hoechst Pak Ltd,"3,249.00",3281.0,3284.0,3152.02,3250.0,-50.96,19
IBL HealthCare,37.62,38.38,40.92,37.75,40.0,2.12,"1,732,911"
Liven Pharma,68.54,71.0,74.45,66.5,66.9,-0.4,"1,368,427"
Macter Int. Ltd,365.69,365.69,375.0,352.16,356.5,-9.18,"11,637"
Otsuka Pak,252.26,265.0,277.49,240.1,277.49,25.23,"466,804"
The Searle Company,86.36,86.93,88.2,85.7,86.5,0.11,"2,488,401"
SCRIP,LDCP,OPEN,HIGH,LOW,CURRENT,CHANGE,VOLUME
Altern Energy,11.77,11.83,11.84,11.71,11.82,0.04,"186,320"
Engro Powergen,27.14,27.49,27.49,27.05,27.29,0.01,"303,759"
Hub Power Co.,140.73,142.0,142.0,140.01,140.5,-0.28,"2,660,707"
K-Electric Ltd.,4.40,4.4,4.46,4.35,4.4,-0.01,"8,553,628"
Kohinoor Energy,16.70,16.97,16.97,16.6,16.69,0.01,"770,220"
Kohinoor Power,6.00,6.4,6.4,5.94,5.94,-0.03,"4,721"
Kot Addu Power,31.05,31.23,31.33,30.91,31.15,0.09,"195,577"
Lalpir Power,23.75,24.24,24.24,23.0,23.1,-0.44,"260,744"
Nishat ChunPowerXD,23.58,23.9,23.9,23.6,23.9,0.27,"109,016"
Nishat Power,35.53,35.98,36.07,35.66,36.0,0.5,"136,551"
Pakgen PowerXD,114.14,120.0,120.0,117.5,118.06,5.57,"7,339"
S.G.Power,8.39,8.0,8.84,7.86,8.3,-0.1,"6,696"
Saif Power Ltd,11.51,11.54,11.89,11.5,11.78,0.26,"281,803"
Sitara Energy,10.84,10.9,10.9,10.9,10.9,,1
Tri-Star Power,6.46,6.3,6.73,6.27,6.66,0.04,"6,989"
SCRIP,LDCP,OPEN,HIGH,LOW,CURRENT,CHANGE,VOLUME
B.R.R Guardia Ltd,22.40,21.12,24.59,21.12,23.99,0.75,"31,831"
Hussain Industries,26.65,26.0,26.0,26.0,26.0,-0.65,500
Javedan Corp.,59.99,61.4,65.9,61.4,61.5,1.95,"568,143"
Pace (Pak) Ltd.,5.36,5.39,5.46,5.17,5.38,-0.05,"923,622"
TPL Properties,8.92,8.91,9.36,8.9,9.11,0.22,"5,011,879"
SCRIP,LDCP,OPEN,HIGH,LOW,CURRENT,CHANGE,VOLUME
Dolmen City,26.24,26.24,26.55,26.19,26.35,0.17,"304,823"
Globe Residency,16.14,16.15,16.29,16.0,16.25,0.11,"10,581"
TPL REIT Fund I,13.39,13.5,14.5,13.4,13.4,0.05,"16,813"
SCRIP,LDCP,OPEN,HIGH,LOW,CURRENT,CHANGE,VOLUME
Attock Refinery,608.32,618.0,619.95,599.0,600.0,-7.21,"506,292"
Cnergyico PK,7.68,7.7,7.8,7.55,7.72,0.02,"6,496,639"
National Refinery,233.91,236.0,241.0,226.03,227.5,-5.64,"391,182"
Pak Refinery,33.43,33.6,33.77,32.35,32.49,-0.93,"6,071,975"
SCRIP,LDCP,OPEN,HIGH,LOW,CURRENT,CHANGE,VOLUME
Abdullah Shah,5.52,5.8,6.52,5.56,6.22,0.66,"544,688"
Adam Sugar,55.19,55.38,55.5,50.26,53.7,-0.14,"5,260"
Al-Abbas Sugar,768.83,803.0,803.0,762.11,785.16,16.09,232
AL-Noor Sugar,82.30,88.0,88.0,74.25,80.0,0.06,410
Chashma Sugar,68.74,66.0,69.9,64.11,64.11,-3.79,856
Dewan Sugar,5.57,5.6,5.85,5.5,5.63,0.07,"102,345"
Faran Sugar Mills,47.60,51.0,51.0,43.5,44.0,-3.27,"122,805"
Habib Rice Prod,32.00,31.69,31.69,31.69,31.69,-0.31,"1,009"
Habib Sugar,71.95,70.37,70.98,70.0,70.94,-1.36,"6,800"
Haseeb Waqas Sugar,9.32,9.32,10.32,9.25,9.75,0.67,"243,392"
J.D.W.Sugar,940.49,940.49,960.0,925.0,959.0,10.62,468
Jauharabad Sug,42.53,42.53,43.99,40.31,42.99,0.43,"21,935"
Mehran Sugar,48.00,46.51,47.78,46.3,47.78,-1.52,"11,951"
Mirpurkhas Sugar,28.85,29.0,29.0,26.5,28.37,-0.65,"489,746"
Noon Sugar,78.75,84.44,84.6,84.44,84.6,,100
Sakrand Sugar,11.80,11.0,11.95,11.0,11.89,-0.05,"371,078"
Sanghar Sugar,59.05,61.88,61.88,53.16,58.0,-2.8,"1,024"
Shahmurad Sugar,365.00,370.0,370.0,360.0,360.0,-0.03,"31,139"
Shahtaj Sugar,125.29,115.02,124.99,115.02,124.99,-7.41,245
Shakarganj Limited,70.05,70.05,72.5,69.0,71.0,0.95,"65,422"
Sindh Abadgar,62.51,62.0,62.0,62.0,62.0,,1
Tandlianwala Sugar,170.40,175.0,175.0,159.0,174.0,-7.24,878
Tariq Corp Ltd.,15.54,15.1,15.6,14.77,15.3,-0.12,"214,634"
Tariq Corp(Pref),8.11,7.15,7.16,7.15,7.16,,6
Thal Ind.Corp.,320.58,333.0,350.0,310.1,350.0,,19
SCRIP,LDCP,OPEN,HIGH,LOW,CURRENT,CHANGE,VOLUME
Gatron Ind.,111.46,113.0,115.88,111.16,111.16,-0.27,"2,810"
Ibrahim Fibres,339.87,347.5,347.5,328.0,338.0,-10.05,104
Image PakistanXD,23.11,23.39,24.0,23.25,23.65,0.58,"3,185,090"
National Silk,50.04,45.6,52.9,45.6,52.9,,11
Pak Synthetics,62.34,66.0,67.9,56.25,61.0,-0.95,"54,177"
Rupali Polyester,18.28,19.74,20.11,19.51,20.11,1.83,"118,733"
SCRIP,LDCP,OPEN,HIGH,LOW,CURRENT,CHANGE,VOLUME
Air Link Commun,159.96,162.0,162.0,157.0,158.5,-1.88,"491,207"
Avanceon Ltd,51.21,51.15,52.0,50.32,50.5,-0.7,"977,078"
Hum Network,12.56,12.15,12.63,12.15,12.49,-0.11,"877,152"
Media Times Ltd,1.85,1.89,1.89,1.81,1.85,,"8,360"
Netsol Tech.,140.24,141.5,141.98,137.5,138.5,-1.44,"963,581"
Octopus Digital,54.10,55.01,55.98,52.77,54.0,-0.75,"879,529"
P.T.C.L.,22.72,22.99,22.99,21.9,22.0,-0.69,"2,448,066"
Pak Datacom,107.80,109.0,112.0,105.05,112.0,2.09,"28,552"
Supernet Technologie,825.00,824.0,824.0,824.0,824.0,,2
Symmetry Group Ltd,15.28,15.59,15.59,15.02,15.11,-0.13,"3,041,636"
Systems LimitedXD,543.79,544.0,545.0,538.0,540.99,-3.89,"106,502"
Telecard Limited,7.46,7.5,7.62,7.39,7.48,0.08,"4,544,383"
TPL Corp Ltd,4.54,4.69,4.69,4.35,4.57,-0.02,"792,248"
TPL Trakker Ltd,5.96,6.01,6.01,5.9,5.9,-0.06,"82,130"
TRG Pak Ltd,63.39,63.1,64.06,62.5,62.62,-0.68,"1,360,379"
WorldCall Telecom,1.26,1.26,1.27,1.25,1.26,,"11,543,439"
Zarea Limited,15.89,16.12,16.5,15.89,15.99,0.1,"819,308"
SCRIP,LDCP,OPEN,HIGH,LOW,CURRENT,CHANGE,VOLUME
Ahmed Hassan,54.00,59.4,59.4,59.4,59.4,,20
AN Textile Mill,13.06,14.37,14.37,14.37,14.37,1.31,"6,821"
Artistic Denim,39.01,38.9,41.44,38.56,41.0,1.99,"28,271"
Aruj Industries,7.69,7.97,7.97,7.62,7.82,0.02,"59,639"
Azgard Nine,7.90,7.9,8.4,7.9,8.15,0.3,"3,126,418"
Bhanero Tex.,760.00,770.0,770.01,686.0,719.99,-59.74,"1,181"
Blessed Tex.,268.81,286.0,290.0,258.01,266.22,,25
Chenab Limited,6.00,6.0,6.19,5.14,5.69,-0.32,"559,138"
Chenab Ltd.(Pre,2.50,2.55,2.7,2.5,2.51,0.2,"37,177"
Crescent Tex.,13.61,13.8,14.19,13.5,13.79,0.16,"299,150"
Fazal Cloth,130.09,143.1,143.1,143.0,143.1,13.01,"13,117"
Feroze 1888,59.97,62.0,62.31,59.05,60.9,0.03,"48,870"
Ghazi Fabrics,10.48,10.98,10.98,10.13,10.35,-0.13,"28,383"
Gul Ahmed,22.18,22.5,23.0,21.96,22.68,0.53,"15,459,424"
Hafiz Limited,270.05,250.0,280.0,250.0,272.0,7.89,200
Hala Enterprise,13.80,14.0,15.18,14.0,15.18,1.38,"62,537"
Int.Knitwear,13.91,14.2,14.55,14.2,14.4,0.5,"9,893"
Interloop Ltd.,57.02,57.02,59.75,57.02,58.25,1.74,"1,593,975"
Jubilee Spinning,8.28,8.5,8.69,8.02,8.69,0.41,726
Khyber Textile,"1,183.53",1301.88,1301.88,1301.88,1301.88,118.35,81
Kohinoor Ind.,11.14,11.14,11.3,10.22,10.9,-0.28,"12,101"
Kohinoor Mills,31.52,31.52,32.86,30.0,32.86,-1.49,505
Kohinoor Textile,161.70,164.99,169.99,160.0,169.99,7.66,"25,646"
Masood Textile,53.50,58.0,58.0,50.5,51.05,-2.88,810
Mehmood Tex.,309.46,305.59,314.99,285.02,311.79,,76
Nishat (Chun.),36.00,36.1,37.49,36.03,36.7,0.7,"91,927"
Nishat Mills Ltd,109.04,110.0,115.3,110.0,113.55,4.93,"3,880,482"
Paramount Sp,3.11,3.58,3.58,3.15,3.55,0.12,"2,763"
Quetta Textile,14.43,13.12,15.87,13.12,15.87,1.44,"135,147"
Redco Textile,25.06,25.0,25.98,25.0,25.0,-0.06,"54,900"
Reliance Weaving,109.95,120.95,120.95,120.94,120.94,,30
Sapphire Fiber,"1,069.00",1065.0,1133.0,1065.0,1070.0,3.77,104
Sapphire Tex.,"1,119.10",1100.0,1231.01,1008.0,1101.0,18.77,889
Stylers Int.Ltd.XD,41.50,41.49,41.49,39.06,39.75,-0.5,"1,952"
Suraj Cotton Mills,105.68,110.99,110.99,101.0,104.5,-2.39,"11,654"
Towellers Limited,118.15,118.97,119.99,117.01,119.8,1.76,"8,210"
ZahidJee Tex.,26.55,25.6,25.99,25.1,25.99,-1.4,954
SCRIP,LDCP,OPEN,HIGH,LOW,CURRENT,CHANGE,VOLUME
Ali Asghar Textile,41.50,43.2,43.2,42.98,42.98,,96
Amtex Limited,2.61,2.73,2.73,2.6,2.68,-0.01,"46,661"
Arctic Textile,25.99,28.5,28.59,24.65,28.59,2.6,"279,384"
Asim Textile,12.50,13.39,13.39,13.39,13.39,,400
Bilal Fibres,19.68,20.02,20.45,17.71,18.0,-1.37,"501,582"
Chakwal Spinning,45.67,45.0,47.3,44.01,44.99,-0.94,"149,224"
Colony Tex.Mills Ltd,3.53,3.53,3.64,3.51,3.54,0.07,"19,169"
Crescent Cotton,48.20,48.2,48.59,48.2,48.5,,281
D.S. Ind. Ltd.,4.40,4.31,4.49,4.28,4.45,0.04,"191,867"
Dewan Farooque Sp.,3.00,2.9,3.16,2.9,2.98,0.03,"308,304"
Dewan Mushtaq,10.83,10.88,11.55,10.85,11.55,0.6,"6,790"
Dewan Textile,6.07,6.19,6.19,5.85,5.85,-0.22,"1,181"
Din Textile,45.00,48.74,48.74,48.74,48.74,,1
Elahi Cotton,113.52,124.65,124.87,102.26,120.0,11.23,"1,406"
Ellcot Spinning,106.32,104.99,105.0,102.0,104.98,-4.32,"1,006"
Gadoon Textile,318.00,320.0,329.0,318.0,323.0,5.0,"15,821"
Gulistan Sp.,8.10,8.05,8.1,8.0,8.0,-0.1,"3,117"
Gulshan Sp.,3.57,3.49,3.64,3.48,3.56,-0.01,"23,230"
Hira Textile,3.03,3.12,3.35,2.96,3.18,0.14,"773,451"
Ideal Spinning,12.75,12.24,12.24,12.24,12.24,-0.51,615
Idrees Textile,16.54,16.98,16.99,16.75,16.75,0.21,"3,150"
Indus Dyeing,140.32,143.9,144.4,138.0,138.65,-1.18,"36,264"
J.A.Textile,22.40,22.99,22.99,20.52,21.0,-1.37,"10,227"
J.K.Spinning,61.00,55.01,55.01,54.9,54.9,-6.03,498
Janana D Mal,50.01,53.0,55.01,53.0,55.01,5.0,"109,971"
Kohat Textile,30.87,30.98,33.96,29.0,33.96,3.09,"108,768"
Kohinoor Spining,5.15,5.16,5.2,5.03,5.08,-0.08,"5,069,287"
Maqbool Textile,35.95,39.53,39.53,32.8,39.4,3.53,556
Nagina Cotton,48.01,52.8,52.81,52.8,52.81,4.8,"1,100"
Nazir Cotton Mills,13.60,13.5,14.4,12.6,13.49,-0.65,"15,502"
Premium Tex.,380.35,370.01,370.01,370.01,370.01,,1
Reliance Cotton,443.62,440.0,458.97,431.0,435.0,-8.99,439
Ruby Textile,7.68,7.41,7.43,7.41,7.43,,40
Saif Textile,9.21,9.39,9.8,9.31,9.31,0.32,"1,708"
Sally Textile,8.25,8.0,8.4,8.0,8.4,0.15,"1,540"
Sana Ind.,23.12,23.1,23.1,23.1,23.1,,332
Saritow Spinning,13.28,12.76,13.1,12.76,12.77,-0.48,"3,471"
Service Ind Tex,15.27,16.8,16.8,16.0,16.8,1.53,"99,141"
Shadab Textile,23.74,24.0,24.5,23.85,24.44,0.36,"6,694"
Shadman Cotton,31.90,31.8,31.8,31.5,31.5,,20
Sunrays Textile,224.55,229.0,229.99,213.0,215.0,-9.28,"44,047"
Tata Textile,42.11,42.69,43.0,40.4,43.0,0.87,"15,689"
SCRIP,LDCP,OPEN,HIGH,LOW,CURRENT,CHANGE,VOLUME
Ashfaq Textile,12.34,13.0,13.0,13.0,13.0,,1
ICC Industries,10.48,10.48,10.8,9.61,10.49,-0.28,"5,110"
Prosperity Weaving,36.06,36.9,39.67,36.0,39.0,2.94,"10,562"
Shahtaj Textile,76.11,76.2,83.7,72.04,72.04,,252
Yousuf Weaving,3.63,3.72,3.72,3.57,3.62,0.01,"262,045"
SCRIP,LDCP,OPEN,HIGH,LOW,CURRENT,CHANGE,VOLUME
Khyber Tobacco,369.15,370.01,373.0,355.0,360.0,-8.95,"13,025"
Pak Tobacco,"1,199.18",1181.0,1248.0,1181.0,1200.0,-7.54,"1,713"
Philip Morris Pak.,"1,099.81",1137.98,1137.98,1082.3,1114.91,10.42,94
SCRIP,LDCP,OPEN,HIGH,LOW,CURRENT,CHANGE,VOLUME
Cordoba Logist,15.55,16.0,16.0,14.15,16.0,0.26,"10,175"
P.N.S.C,313.53,324.0,339.97,313.0,320.85,3.89,"167,698"
Pak Int.Bulk,8.72,8.63,8.88,8.63,8.8,0.08,"3,927,542"
Pak.Int.Container,38.80,38.8,38.97,38.4,38.8,-0.21,"32,865"
Secure Logistics Gro,15.96,16.1,16.2,15.41,15.5,-0.41,"1,004,198"
SCRIP,LDCP,OPEN,HIGH,LOW,CURRENT,CHANGE,VOLUME
Punjab Oil,205.50,226.05,226.05,226.05,226.05,20.55,"15,034"
S.S.Oil,833.77,840.0,894.88,756.0,850.0,21.71,"109,862"
SCRIP,LDCP,OPEN,HIGH,LOW,CURRENT,CHANGE,VOLUME
Bannu Woollen,33.14,33.15,35.25,32.5,33.9,0.64,"20,694"
,,,,,,,
,,,,,,,
,,,,,,,
,,,,,,,
,,,,,,,
,,,,,,,
,,,,,,,
,,,,,,,
